,CCS,CCS_M,low setting,medium setting,high setting,DQN,PID,PID_M,RH-rainbow
FV,1.8549514794285715,2.1158268718519353,1.5221759158443282,0.9899758497568054,0.8215100304518116,1.3859220500164253,1.6930242972807128,1.6786455660568353,1.0069041014126316
EC,0.5124999999999997,0.48749999999999993,0.7374999999999998,1.35,1.9625000000000004,0.6875000000000001,0.5791666666666666,0.5499999999999999,0.8041666666666667
UF,1.9093559382885845,2.3306143540805047,2.04111711591805,1.0987130484291747,0.82293464330129,1.2125507965355715,1.4896274289216607,1.2717170298632798,1.0031085137480005
R,-9.380614990761906,-10.487887590000375,-8.483124954632808,-7.7215579905722915,-8.596795137033153,-7.736649225073916,-8.829720448874319,-8.687238380589092,-6.342179567467953
