,CCS,CCS_M,low setting,medium setting,high setting,DQN,PID,PID_M,RH-rainbow
FV,4.13764849141474,2.5150575985266346,2.385764042664676,1.4337412102307647,1.0852142963690212,1.0852142963690212,2.3316277810336135,1.74116799724038,1.5143649759383515
EC,0.3941666666666666,0.5149999999999998,0.7524999999999998,1.3775000000000002,2.0025000000000004,2.0025000000000004,0.5191666666666668,0.5274999999999999,0.7025000000000001
UF,2.5647680415060896,0.3139305673273339,0.31297426552017177,0.23472450805805972,0.19955574787860697,0.19955574787860697,0.9655393866890216,0.2336275660582613,0.2941918497940259
R,-19.337195989144107,-12.357759193369853,-12.409271525324375,-9.79183544603844,-9.890131000327264,-9.890131000327264,-11.543436125762371,-8.908589320915043,-8.354642391722583
