,CCS,CCS_M,low setting,medium setting,high setting,DQN,PID,PID_M,RH-rainbow
FV,2.6209507718293574,2.666875159733538,2.421083804174895,1.6669589509323397,1.3932955082939937,1.739662496835955,2.1235819549124733,2.056793493364444,1.3324552966819443
EC,0.25666666666666665,0.25249999999999995,0.3025,0.5525000000000001,0.8025000000000002,0.29833333333333334,0.3025,0.27749999999999997,0.3650000000000001
UF,2.497987453480374,2.505832583181219,2.2566007558895853,1.3283548153234948,1.0152175023210215,1.1353230880493823,2.0260377661331477,1.343091447611555,1.0779236015553604
R,-5.268822500403955,-5.340375287520369,-5.031284180848145,-4.340526111678212,-4.514598581595857,-3.793614716526941,-4.495780852175785,-4.308894954722666,-3.2384195340275
