,CCS,CCS_M,low setting,medium setting,high setting,DQN,PID,PID_M,RH-rainbow
FV,5.248471865500594,3.375837462568832,3.347351634938043,2.0463866996666638,1.5485863417798316,1.5485863417798316,3.1175056393958904,2.2732552740909795,2.1786126180747307
EC,0.42749999999999994,0.6649999999999997,0.7524999999999998,1.3775000000000002,2.0025000000000004,2.0025000000000004,0.6275000000000001,0.7774999999999999,0.8900000000000002
UF,3.4167859209408507,1.473093209456123,1.4736523509247135,1.0776054324388613,0.9118757105950672,0.9118757105950672,1.696932963744862,1.222503451110267,0.9888310835688598
R,-24.424790061419344,-16.631268581559745,-16.736415690554526,-12.548740148499988,-11.975305204675909,-11.975305204675909,-15.368775377281507,-11.969648733409407,-11.843756781336289
